mroc,sdroc,name
76.53198251378284,16.31309539859042,lr_0.75_10.0_False_False_False_10.0_0.01
