mroc,sdroc,name
73.45821619156642,12.261902787462619,first_test
