mroc,sdroc
73.45821619156642,12.261902787462619
